Char,Unicode (hex),Decimal,Learning Order
àÍ,U+4E00,19968,1
íö,U+4E01,19969,3
éµ,U+4E03,19971,1
ñú,U+4E07,19975,2
è‰,U+4E08,19976,7
éO,U+4E09,19977,1
è„,U+4E0A,19978,1
â∫,U+4E0B,19979,1
ïs,U+4E0D,19981,4
ó^,U+4E0E,19982,7
äé,U+4E14,19988,7
ê¢,U+4E16,19990,3
ãu,U+4E18,19992,7
ï∏,U+4E19,19993,7
óº,U+4E21,20001,3
ï¿,U+4E26,20006,6
íÜ,U+4E2D,20013,1
ä€,U+4E38,20024,2
íO,U+4E39,20025,7
éÂ,U+4E3B,20027,3
ãv,U+4E45,20037,5
ñR,U+4E4F,20047,7
èÊ,U+4E57,20055,3
â≥,U+4E59,20057,7
ã„,U+4E5D,20061,1
óê,U+4E71,20081,6
ì˚,U+4E73,20083,6
ä£,U+4E7E,20094,7
óπ,U+4E86,20102,7
ó\,U+4E88,20104,3
ëà,U+4E89,20105,4
éñ,U+4E8B,20107,3
ìÒ,U+4E8C,20108,1
å›,U+4E92,20114,7
å‹,U+4E94,20116,1
à‰,U+4E95,20117,7
àü,U+4E9C,20124,7
ñS,U+4EA1,20129,6
å,U+4EA4,20132,2
ãù,U+4EAB,20139,7
ãû,U+4EAC,20140,2
í‡,U+4EAD,20141,7
êl,U+4EBA,20154,1
êm,U+4EC1,20161,6
ç°,U+4ECA,20170,2
âÓ,U+4ECB,20171,7
ïß,U+4ECF,20175,5
éd,U+4ED5,20181,3
ëº,U+4ED6,20182,3
ït,U+4ED8,20184,4
êÂ,U+4ED9,20185,7
ë„,U+4EE3,20195,3
óﬂ,U+4EE4,20196,4
à»,U+4EE5,20197,4
âº,U+4EEE,20206,5
ã¬,U+4EF0,20208,7
íá,U+4EF2,20210,4
åè,U+4EF6,20214,5
îC,U+4EFB,20219,5
äÈ,U+4F01,20225,7
ïö,U+4F0F,20239,7
î∞,U+4F10,20240,7
ãx,U+4F11,20241,1
âÔ,U+4F1A,20250,2
ì`,U+4F1D,20253,4
îå,U+4F2F,20271,7
î∫,U+4F34,20276,7
êL,U+4F38,20280,7
éf,U+4F3A,20282,7
éó,U+4F3C,20284,5
íA,U+4F46,20294,7
à ,U+4F4D,20301,4
í·,U+4F4E,20302,4
èZ,U+4F4F,20303,3
ç≤,U+4F50,20304,7
ëÃ,U+4F53,20307,2
âΩ,U+4F55,20309,2
ó],U+4F59,20313,5
çÏ,U+4F5C,20316,2
â¿,U+4F73,20339,7
ïπ,U+4F75,20341,7
ég,U+4F7F,20351,3
ó·,U+4F8B,20363,4
éò,U+4F8D,20365,7
ãü,U+4F9B,20379,6
àÀ,U+4F9D,20381,7
âø,U+4FA1,20385,5
ïé,U+4FAE,20398,7
åÚ,U+4FAF,20399,7
êN,U+4FB5,20405,7
ï÷,U+4FBF,20415,4
åW,U+4FC2,20418,3
ë£,U+4FC3,20419,7
èr,U+4FCA,20426,7
ë≠,U+4FD7,20439,7
ï€,U+4FDD,20445,5
êM,U+4FE1,20449,4
èC,U+4FEE,20462,5
îo,U+4FF3,20467,6
ïU,U+4FF5,20469,5
ïÓ,U+4FF8,20472,7
ëq,U+5009,20489,4
å¬,U+500B,20491,5
î{,U+500D,20493,3
ì|,U+5012,20498,7
åÛ,U+5019,20505,4
éÿ,U+501F,20511,4
ïÌ,U+5023,20515,7
íl,U+5024,20516,6
óœ,U+502B,20523,7
åê,U+5039,20537,7
àÃ,U+5049,20553,7
ïŒ,U+504F,20559,7
í‚,U+505C,20572,4
åí,U+5065,20581,4
ë§,U+5074,20596,4
í„,U+5075,20597,7
ãÙ,U+5076,20598,7
ãU,U+507D,20605,7
ñT,U+508D,20621,7
åÜ,U+5091,20625,7
éP,U+5098,20632,7
îı,U+5099,20633,5
ç√,U+50AC,20652,7
ç¬,U+50B5,20661,7
èù,U+50B7,20663,6
åX,U+50BE,20670,7
ì≠,U+50CD,20685,4
ëú,U+50CF,20687,5
ñl,U+50D5,20693,7
óª,U+50DA,20698,7
ëm,U+50E7,20711,7
ãV,U+5100,20736,7
â≠,U+5104,20740,4
éÚ,U+5112,20754,7
èû,U+511F,20767,7
óD,U+512A,20778,6
å≥,U+5143,20803,2
åZ,U+5144,20804,2
è[,U+5145,20805,7
íõ,U+5146,20806,4
êÊ,U+5148,20808,1
åı,U+5149,20809,2
çé,U+514B,20811,7
ñ∆,U+514D,20813,7
éô,U+5150,20816,4
ì},U+515A,20826,6
ì¸,U+5165,20837,1
ëS,U+5168,20840,3
î™,U+516B,20843,1
åˆ,U+516C,20844,2
òZ,U+516D,20845,1
ã§,U+5171,20849,4
ï∫,U+5175,20853,4
ãÔ,U+5177,20855,3
ìT,U+5178,20856,4
åì,U+517C,20860,7
ì‡,U+5185,20869,2
â~,U+5186,20870,1
ç˚,U+518A,20874,6
çƒ,U+518D,20877,5
ñ`,U+5192,20882,7
èÁ,U+5197,20887,7
é ,U+5199,20889,3
ä•,U+51A0,20896,7
ì~,U+51AC,20908,2
ó‚,U+51B7,20919,4
èy,U+51C6,20934,7
ìÄ,U+51CD,20941,7
ã√,U+51DD,20957,7
ñ},U+51E1,20961,7
èà,U+51E6,20966,6
ã•,U+51F6,20982,7
ì ,U+51F8,20984,7
âö,U+51F9,20985,7
èo,U+51FA,20986,1
ìÅ,U+5200,20992,2
ên,U+5203,20995,7
ï™,U+5206,20998,2
êÿ,U+5207,20999,2
ä†,U+5208,21000,7
äß,U+520A,21002,5
åY,U+5211,21009,7
óÒ,U+5217,21015,3
èâ,U+521D,21021,4
îª,U+5224,21028,5
ï ,U+5225,21029,4
óò,U+5229,21033,4
ìû,U+5230,21040,7
êß,U+5236,21046,5
ç¸,U+5237,21047,4
åî,U+5238,21048,5
éh,U+523A,21050,7
çè,U+523B,21051,6
ë•,U+5247,21063,5
çÌ,U+524A,21066,7
ëO,U+524D,21069,2
ñU,U+5256,21078,7
çÑ,U+525B,21083,7
åï,U+5263,21091,7
ç‹,U+5264,21092,7
ïõ,U+526F,21103,4
èË,U+5270,21104,7
äÑ,U+5272,21106,6
ën,U+5275,21109,6
åÄ,U+5287,21127,6
óÕ,U+529B,21147,1
å˜,U+529F,21151,4
â¡,U+52A0,21152,4
óÚ,U+52A3,21155,7
èï,U+52A9,21161,3
ìw,U+52AA,21162,4
ó„,U+52B1,21169,7
òJ,U+52B4,21172,4
å¯,U+52B9,21177,5
äN,U+52BE,21182,7
í∫,U+52C5,21189,7
óE,U+52C7,21191,4
ï◊,U+52C9,21193,3
ìÆ,U+52D5,21205,3
ä®,U+52D8,21208,7
ñ±,U+52D9,21209,5
èü,U+52DD,21213,3
ïÂ,U+52DF,21215,7
ê®,U+52E2,21218,5
ãŒ,U+52E4,21220,6
ä©,U+52E7,21223,7
åM,U+52F2,21234,7
éŸ,U+52FA,21242,7
ñÊ,U+5301,21249,7
ïÔ,U+5305,21253,4
âª,U+5316,21270,3
ñk,U+5317,21271,2
è†,U+5320,21280,7
ïC,U+5339,21305,7
ãÊ,U+533A,21306,3
à„,U+533B,21307,3
ìΩ,U+533F,21311,7
è\,U+5341,21313,1
êÁ,U+5343,21315,1
è°,U+5347,21319,7
åﬂ,U+5348,21320,2
îº,U+534A,21322,2
î⁄,U+5351,21329,7
ë≤,U+5352,21330,4
ëÏ,U+5353,21331,7
ã¶,U+5354,21332,4
ìÏ,U+5357,21335,2
íP,U+5358,21336,4
îé,U+535A,21338,4
êË,U+5360,21344,7
àÛ,U+5370,21360,4
äÎ,U+5371,21361,6
ë¶,U+5373,21363,7
ãp,U+5374,21364,7
óë,U+5375,21365,6
âµ,U+5378,21368,7
ñÔ,U+5384,21380,7
ó–,U+5398,21400,7
å˙,U+539A,21402,5
å¥,U+539F,21407,2
åµ,U+53B3,21427,6
ãé,U+53BB,21435,3
éQ,U+53C2,21442,4
ñî,U+53C8,21448,7
ãy,U+53CA,21450,7
óF,U+53CB,21451,2
ëo,U+53CC,21452,7
îΩ,U+53CD,21453,3
é˚,U+53CE,21454,6
èf,U+53D4,21460,7
éÊ,U+53D6,21462,3
éÛ,U+53D7,21463,3
èñ,U+53D9,21465,7
å˚,U+53E3,21475,1
å√,U+53E4,21476,2
ãÂ,U+53E5,21477,5
ã©,U+53EB,21483,7
è¢,U+53EC,21484,7
â¬,U+53EF,21487,5
ë‰,U+53F0,21488,2
éj,U+53F2,21490,4
âE,U+53F3,21491,1
çÜ,U+53F7,21495,3
éi,U+53F8,21496,4
äe,U+5404,21508,4
çá,U+5408,21512,2
ãg,U+5409,21513,7
ìØ,U+540C,21516,2
ñº,U+540D,21517,1
ç@,U+540E,21518,6
óô,U+540F,21519,7
ìf,U+5410,21520,7
å¸,U+5411,21521,3
åN,U+541B,21531,3
ã·,U+541F,21535,7
î€,U+5426,21542,6
ä‹,U+542B,21547,7
ãz,U+5438,21560,6
êÅ,U+5439,21561,7
íÊ,U+5448,21576,7
å‡,U+5449,21577,7
çê,U+544A,21578,4
é¸,U+5468,21608,4
ñ°,U+5473,21619,3
åƒ,U+547C,21628,6
ñΩ,U+547D,21629,3
òa,U+548C,21644,3
çÁ,U+54B2,21682,7
à£,U+54C0,21696,7
ïi,U+54C1,21697,3
àı,U+54E1,21729,3
ìN,U+54F2,21746,7
ç¥,U+5506,21766,7
êO,U+5507,21767,7
ìÇ,U+5510,21776,7
óB,U+552F,21807,7
è•,U+5531,21809,4
è§,U+5546,21830,3
ñ‚,U+554F,21839,3
å[,U+5553,21843,7
ëP,U+5584,21892,6
ä´,U+559A,21914,7
äÏ,U+559C,21916,4
äÖ,U+559D,21917,7
ër,U+55AA,21930,7
ãi,U+55AB,21931,7
âc,U+55B6,21942,5
ék,U+55E3,21987,7
íQ,U+5606,22022,7
è˙,U+5631,22065,7
äÌ,U+5668,22120,4
ï¨,U+5674,22132,7
äd,U+5687,22151,7
é˙,U+56DA,22234,7
él,U+56DB,22235,1
âÒ,U+56DE,22238,2
àˆ,U+56E0,22240,5
íc,U+56E3,22243,5
ç¢,U+56F0,22256,6
àÕ,U+56F2,22258,4
ê},U+56F3,22259,2
å≈,U+56FA,22266,4
çë,U+56FD,22269,2
åó,U+570F,22287,7
âÄ,U+5712,22290,2
ìy,U+571F,22303,1
à≥,U+5727,22311,5
ç›,U+5728,22312,5
ín,U+5730,22320,2
ç‚,U+5742,22338,3
ãœ,U+5747,22343,5
ñV,U+574A,22346,7
çB,U+5751,22353,7
íÿ,U+576A,22378,7
êÇ,U+5782,22402,6
å^,U+578B,22411,4
ä_,U+57A3,22435,7
ñÑ,U+57CB,22475,7
èÈ,U+57CE,22478,6
àÊ,U+57DF,22495,6
é∑,U+57F7,22519,7
î|,U+57F9,22521,7
äÓ,U+57FA,22522,5
ñx,U+5800,22528,7
ì∞,U+5802,22530,4
åò,U+5805,22533,7
ë¬,U+5815,22549,7
íÁ,U+5824,22564,7
ä¨,U+582A,22570,7
ïÒ,U+5831,22577,5
èÍ,U+5834,22580,2
ïª,U+5840,22592,7
ó€,U+5841,22593,7
âÚ,U+584A,22602,7
ëY,U+5851,22609,7
ìÉ,U+5854,22612,7
ìh,U+5857,22615,7
íÀ,U+585A,22618,7
âñ,U+5869,22633,4
èm,U+587E,22654,7
ã´,U+5883,22659,5
ïÊ,U+5893,22675,5
ëù,U+5897,22679,5
íƒ,U+589C,22684,7
ñn,U+58A8,22696,7
ï≠,U+58B3,22707,7
ç§,U+58BE,22718,7
ï«,U+58C1,22721,7
íd,U+58C7,22727,7
âÛ,U+58CA,22730,7
èÎ,U+58CC,22732,7
ém,U+58EB,22763,4
ës,U+58EE,22766,7
ê∫,U+58F0,22768,2
àÎ,U+58F1,22769,7
îÑ,U+58F2,22770,2
ïœ,U+5909,22793,4
âƒ,U+590F,22799,2
ó[,U+5915,22805,1
äO,U+5916,22806,2
ëΩ,U+591A,22810,2
ñÈ,U+591C,22812,2
ñ≤,U+5922,22818,5
ëÂ,U+5927,22823,1
ìV,U+5929,22825,1
ëæ,U+592A,22826,2
ïv,U+592B,22827,4
âõ,U+592E,22830,3
é∏,U+5931,22833,4
äÔ,U+5947,22855,7
ïÚ,U+5949,22857,7
ët,U+594F,22863,6
å_,U+5951,22865,7
ñz,U+5954,22868,7
âú,U+5965,22885,7
èß,U+5968,22888,7
íD,U+596A,22890,7
ï±,U+596E,22894,6
èó,U+5973,22899,1
ìz,U+5974,22900,7
çD,U+597D,22909,4
î@,U+5982,22914,7
î‹,U+5983,22915,7
ñœ,U+5984,22916,7
îD,U+598A,22922,7
ñ≠,U+5999,22937,7
ë√,U+59A5,22949,7
ñW,U+59A8,22952,7
ñÖ,U+59B9,22969,2
ç»,U+59BB,22971,5
éo,U+59C9,22985,2
én,U+59CB,22987,3
ê©,U+59D3,22995,7
àœ,U+59D4,22996,3
ïP,U+59EB,23019,7
à˜,U+59FB,23035,7
ép,U+59FF,23039,6
à–,U+5A01,23041,7
ñ∫,U+5A18,23064,7
êP,U+5A20,23072,7
å‚,U+5A2F,23087,7
îk,U+5A46,23110,7
ç•,U+5A5A,23130,7
ïw,U+5A66,23142,5
ñπ,U+5A7F,23167,7
î},U+5A92,23186,7
â≈,U+5AC1,23233,7
åô,U+5ACC,23244,7
íÑ,U+5AE1,23265,7
èÏ,U+5B22,23330,7
éq,U+5B50,23376,1
çE,U+5B54,23380,7
éö,U+5B57,23383,1
ë∂,U+5B58,23384,6
çF,U+5B5D,23389,6
ãG,U+5B63,23395,4
å«,U+5B64,23396,7
äw,U+5B66,23398,1
ë∑,U+5B6B,23403,4
ëÓ,U+5B85,23429,6
âF,U+5B87,23431,6
éÁ,U+5B88,23432,3
à¿,U+5B89,23433,3
äÆ,U+5B8C,23436,4
è@,U+5B97,23447,6
äØ,U+5B98,23448,4
íà,U+5B99,23449,6
íË,U+5B9A,23450,3
ãX,U+5B9C,23452,7
ïÛ,U+5B9D,23453,6
é¿,U+5B9F,23455,3
ãq,U+5BA2,23458,3
êÈ,U+5BA3,23459,6
é∫,U+5BA4,23460,2
ã{,U+5BAE,23470,3
ç…,U+5BB0,23472,7
äQ,U+5BB3,23475,4
âÉ,U+5BB4,23476,7
è™,U+5BB5,23477,7
â∆,U+5BB6,23478,2
óe,U+5BB9,23481,5
èh,U+5BBF,23487,3
é‚,U+5BC2,23490,7
äÒ,U+5BC4,23492,5
ñß,U+5BC6,23494,6
ïx,U+5BCC,23500,5
ä¶,U+5BD2,23506,3
ä∞,U+5BDB,23515,7
êQ,U+5BDD,23517,7
é@,U+5BDF,23519,4
â«,U+5BE1,23521,7
îJ,U+5BE7,23527,7
êR,U+5BE9,23529,7
óæ,U+5BEE,23534,7
ê°,U+5BF8,23544,6
éõ,U+5BFA,23546,2
ëŒ,U+5BFE,23550,3
éı,U+5BFF,23551,7
ïï,U+5C01,23553,7
êÍ,U+5C02,23554,6
éÀ,U+5C04,23556,6
è´,U+5C06,23558,6
à—,U+5C09,23561,7
ë∏,U+5C0A,23562,6
êq,U+5C0B,23563,7
ì±,U+5C0E,23566,5
è¨,U+5C0F,23567,1
è≠,U+5C11,23569,2
èÆ,U+5C1A,23578,7
èA,U+5C31,23601,6
é⁄,U+5C3A,23610,6
ìÚ,U+5C3C,23612,7
ês,U+5C3D,23613,7
îˆ,U+5C3E,23614,7
îA,U+5C3F,23615,7
ã«,U+5C40,23616,3
ãè,U+5C45,23621,5
ã¸,U+5C48,23624,7
ìÕ,U+5C4A,23626,6
âÆ,U+5C4B,23627,3
ìW,U+5C55,23637,6
ëÆ,U+5C5E,23646,5
ëw,U+5C64,23652,6
óö,U+5C65,23653,7
ì‘,U+5C6F,23663,7
éR,U+5C71,23665,1
äÚ,U+5C90,23696,7
ä‚,U+5CA9,23721,2
ñ¶,U+5CAC,23724,7
äx,U+5CB3,23731,7
ä›,U+5CB8,23736,3
ìª,U+5CE0,23776,7
ã¨,U+5CE1,23777,7
ïÙ,U+5CF0,23792,7
ìá,U+5CF6,23798,3
êí,U+5D07,23815,7
çË,U+5D0E,23822,7
ïˆ,U+5D29,23849,7
êÏ,U+5DDD,24029,1
èB,U+5DDE,24030,3
èÑ,U+5DE1,24033,7
ëÉ,U+5DE3,24035,4
çH,U+5DE5,24037,2
ç∂,U+5DE6,24038,1
çI,U+5DE7,24039,7
ãê,U+5DE8,24040,7
ç∑,U+5DEE,24046,4
å»,U+5DF1,24049,6
ä™,U+5DFB,24059,6
és,U+5E02,24066,2
ïz,U+5E03,24067,5
îø,U+5E06,24070,7
äÛ,U+5E0C,24076,4
íÈ,U+5E1D,24093,7
êÉ,U+5E25,24101,7
ét,U+5E2B,24107,5
ê»,U+5E2D,24109,4
ë—,U+5E2F,24111,4
ãA,U+5E30,24112,2
í†,U+5E33,24115,3
èÌ,U+5E38,24120,5
ñX,U+5E3D,24125,7
ïù,U+5E45,24133,7
ñã,U+5E55,24149,6
ïº,U+5E63,24163,7
ä±,U+5E72,24178,6
ïΩ,U+5E73,24179,3
îN,U+5E74,24180,1
çK,U+5E78,24184,3
ä≤,U+5E79,24185,5
å∂,U+5E7B,24187,7
óc,U+5E7C,24188,6
óH,U+5E7D,24189,7
äÙ,U+5E7E,24190,7
í°,U+5E81,24193,6
çL,U+5E83,24195,2
è∞,U+5E8A,24202,7
èò,U+5E8F,24207,5
íÍ,U+5E95,24213,4
ìX,U+5E97,24215,2
ï{,U+5E9C,24220,4
ìx,U+5EA6,24230,3
ç¿,U+5EA7,24231,6
å…,U+5EAB,24235,3
íÎ,U+5EAD,24237,3
èé,U+5EB6,24246,7
çN,U+5EB7,24247,4
óf,U+5EB8,24248,7
îp,U+5EC3,24259,7
óı,U+5EC9,24265,7
òL,U+5ECA,24266,7
âÑ,U+5EF6,24310,6
íÏ,U+5EF7,24311,7
åö,U+5EFA,24314,4
ïŸ,U+5F01,24321,5
ïæ,U+5F0A,24330,7
éÆ,U+5F0F,24335,3
ìÛ,U+5F10,24336,7
ã|,U+5F13,24339,2
í¢,U+5F14,24340,7
à¯,U+5F15,24341,2
íÌ,U+5F1F,24351,2
å∑,U+5F26,24358,7
å ,U+5F27,24359,7
é„,U+5F31,24369,2
í£,U+5F35,24373,5
ã≠,U+5F37,24375,2
íe,U+5F3E,24382,7
ìñ,U+5F53,24403,2
å`,U+5F62,24418,2
ç ,U+5F69,24425,7
í§,U+5F6B,24427,7
è≤,U+5F70,24432,7
âe,U+5F71,24433,7
ñ,U+5F79,24441,3
îﬁ,U+5F7C,24444,7
âù,U+5F80,24448,5
ê™,U+5F81,24449,7
åa,U+5F84,24452,4
ë“,U+5F85,24453,3
ó•,U+5F8B,24459,6
å„,U+5F8C,24460,2
èô,U+5F90,24464,7
ìk,U+5F92,24466,4
è],U+5F93,24467,6
ìæ,U+5F97,24471,4
å‰,U+5FA1,24481,7
ïú,U+5FA9,24489,5
èz,U+5FAA,24490,7
î˜,U+5FAE,24494,7
ìø,U+5FB3,24499,5
í•,U+5FB4,24500,7
ìO,U+5FB9,24505,7
êS,U+5FC3,24515,2
ïK,U+5FC5,24517,4
äı,U+5FCC,24524,7
îE,U+5FCD,24525,7
éu,U+5FD7,24535,5
ñY,U+5FD8,24536,6
ñZ,U+5FD9,24537,7
âû,U+5FDC,24540,5
íâ,U+5FE0,24544,6
âı,U+5FEB,24555,5
îO,U+5FF5,24565,4
ì{,U+6012,24594,7
ï|,U+6016,24598,7
év,U+601D,24605,2
ë”,U+6020,24608,7
ã},U+6025,24613,3
ê´,U+6027,24615,5
âˆ,U+602A,24618,7
óˆ,U+604B,24651,7
ã∞,U+6050,24656,7
çP,U+6052,24658,7
íp,U+6065,24677,7
ç¶,U+6068,24680,7
â∂,U+6069,24681,5
ã±,U+606D,24685,7
ëß,U+606F,24687,3
åb,U+6075,24693,7
â˜,U+6094,24724,7
åÂ,U+609F,24735,7
óI,U+60A0,24736,7
ä≥,U+60A3,24739,7
âx,U+60A6,24742,7
îY,U+60A9,24745,7
à´,U+60AA,24746,3
îﬂ,U+60B2,24754,3
ìâ,U+60BC,24764,7
èÓ,U+60C5,24773,5
òf,U+60D1,24785,7
ê…,U+60DC,24796,7
éS,U+60E8,24808,7
ëƒ,U+60F0,24816,7
ëz,U+60F3,24819,3
èD,U+6101,24833,7
ñ˘,U+6109,24841,7
à”,U+610F,24847,3
ã,U+611A,24858,7
à§,U+611B,24859,4
ä¥,U+611F,24863,3
éú,U+6148,24904,7
ë‘,U+614B,24907,5
çQ,U+614C,24908,7
êT,U+614E,24910,7
ïÁ,U+6155,24917,7
ñù,U+6162,24930,7
äµ,U+6163,24931,5
äS,U+6168,24936,7
ó∂,U+616E,24942,7
à‘,U+6170,24944,7
åc,U+6176,24950,7
óJ,U+6182,24962,7
ëû,U+618E,24974,7
ïÆ,U+61A4,24996,7
åe,U+61A9,25001,7
åõ,U+61B2,25010,6
âØ,U+61B6,25014,7
ä∂,U+61BE,25022,7
çß,U+61C7,25031,7
â˘,U+61D0,25040,7
í¶,U+61F2,25074,7
åú,U+61F8,25080,7
ê¨,U+6210,25104,4
â‰,U+6211,25105,6
â˙,U+6212,25106,7
êÌ,U+6226,25126,4
ãY,U+622F,25135,7
åÀ,U+6238,25144,2
ñﬂ,U+623B,25147,7
ñ[,U+623F,25151,7
èä,U+6240,25152,3
êÓ,U+6247,25159,7
î‡,U+6249,25161,7
éË,U+624B,25163,1
çÀ,U+624D,25165,2
ë≈,U+6253,25171,3
ï•,U+6255,25173,7
àµ,U+6271,25201,7
ï},U+6276,25206,7
î·,U+6279,25209,6
è≥,U+627F,25215,5
ãZ,U+6280,25216,5
è¥,U+6284,25220,7
îc,U+628A,25226,7
ó},U+6291,25233,7
ìä,U+6295,25237,3
çR,U+6297,25239,7
ê‹,U+6298,25240,4
î≤,U+629C,25244,7
ë,U+629E,25246,7
î‚,U+62AB,25259,7
ï¯,U+62B1,25265,7
íÔ,U+62B5,25269,7
ñï,U+62B9,25273,7
âü,U+62BC,25276,7
íä,U+62BD,25277,7
íS,U+62C5,25285,6
îè,U+62CD,25293,7
â˚,U+62D0,25296,7
ãë,U+62D2,25298,7
ëÒ,U+62D3,25299,7
çS,U+62D8,25304,7
êŸ,U+62D9,25305,7
èµ,U+62DB,25307,5
îq,U+62DD,25309,6
ãí,U+62E0,25312,7
äg,U+62E1,25313,6
äá,U+62EC,25324,7
çâ,U+62F7,25335,7
èE,U+62FE,25342,3
éù,U+6301,25345,3
éw,U+6307,25351,3
íß,U+6311,25361,7
ãì,U+6319,25369,4
ã≤,U+631F,25375,7
êU,U+632F,25391,7
ë},U+633F,25407,7
ïﬂ,U+6355,25429,7
ë{,U+635C,25436,7
éÃ,U+6368,25448,6
êò,U+636E,25454,7
ë|,U+6383,25475,7
éˆ,U+6388,25480,5
è∂,U+638C,25484,7
îr,U+6392,25490,7
å@,U+6398,25496,7
ä|,U+639B,25499,7
çÃ,U+63A1,25505,5
íT,U+63A2,25506,6
ê⁄,U+63A5,25509,5
çT,U+63A7,25511,7
êÑ,U+63A8,25512,6
ë[,U+63AA,25514,7
åf,U+63B2,25522,7
ï`,U+63CF,25551,7
íÒ,U+63D0,25552,5
óg,U+63DA,25562,7
ä∑,U+63DB,25563,7
à¨,U+63E1,25569,7
äˆ,U+63EE,25582,6
âá,U+63F4,25588,7
óh,U+63FA,25594,7
ëπ,U+640D,25613,5
î¿,U+642C,25644,7
ìã,U+642D,25645,7
åg,U+643A,25658,7
çÔ,U+643E,25662,7
ê€,U+6442,25666,7
ìE,U+6458,25688,7
ñÄ,U+6469,25705,7
åÇ,U+6483,25731,7
ìP,U+64A4,25764,7
éB,U+64AE,25774,7
ño,U+64B2,25778,7
ói,U+64C1,25793,7
ëÄ,U+64CD,25805,6
éC,U+64E6,25830,7
ã[,U+64EC,25836,7
éx,U+652F,25903,5
â¸,U+6539,25913,4
çU,U+653B,25915,7
ï˙,U+653E,25918,3
ê≠,U+653F,25919,5
åÃ,U+6545,25925,5
ïq,U+654F,25935,7
ã~,U+6551,25937,4
îs,U+6557,25943,4
ã≥,U+6559,25945,2
ä∏,U+6562,25954,7
éU,U+6563,25955,4
åh,U+656C,25964,6
êî,U+6570,25968,2
êÆ,U+6574,25972,3
ìG,U+6575,25973,5
ï~,U+6577,25975,7
ï∂,U+6587,25991,1
êƒ,U+6589,25993,7
ç÷,U+658E,25998,7
ìl,U+6597,26007,7
óø,U+6599,26009,4
éŒ,U+659C,26012,7
ã“,U+65A4,26020,7
êÀ,U+65A5,26021,7
íf,U+65AD,26029,5
êV,U+65B0,26032,2
ï˚,U+65B9,26041,2
é{,U+65BD,26045,7
ó∑,U+65C5,26053,3
ê˘,U+65CB,26059,7
ë∞,U+65CF,26063,3
ä¯,U+65D7,26071,4
ä˘,U+65E2,26082,7
ì˙,U+65E5,26085,1
ãå,U+65E7,26087,5
é|,U+65E8,26088,7
ëÅ,U+65E9,26089,1
è{,U+65EC,26092,7
ç©,U+6606,26118,7
è∏,U+6607,26119,7
ñæ,U+660E,26126,2
à’,U+6613,26131,5
êÃ,U+6614,26132,3
êØ,U+661F,26143,2
âf,U+6620,26144,6
èt,U+6625,26149,2
ç,U+6628,26152,4
è∫,U+662D,26157,3
ê•,U+662F,26159,7
íã,U+663C,26172,2
éû,U+6642,26178,2
î”,U+6669,26217,6
ïÅ,U+666E,26222,7
åi,U+666F,26223,4
ê∞,U+6674,26228,2
èª,U+6676,26230,7
ã≈,U+6681,26241,7
â…,U+6687,26247,7
èã,U+6691,26257,3
íg,U+6696,26262,6
à√,U+6697,26263,3
óÔ,U+66A6,26278,7
éb,U+66AB,26283,7
ïÈ,U+66AE,26286,6
ñ\,U+66B4,26292,5
ì‹,U+66C7,26311,7
ój,U+66DC,26332,2
ã»,U+66F2,26354,3
çX,U+66F4,26356,7
èë,U+66F8,26360,2
ëÇ,U+66F9,26361,7
ë÷,U+66FF,26367,7
ç≈,U+6700,26368,4
åé,U+6708,26376,1
óL,U+6709,26377,3
ïû,U+670D,26381,3
íΩ,U+6715,26389,7
òN,U+6717,26391,6
ñ],U+671B,26395,4
í©,U+671D,26397,2
ä˙,U+671F,26399,3
ñÿ,U+6728,26408,1
ñ¢,U+672A,26410,4
ññ,U+672B,26411,4
ñ{,U+672C,26412,1
éD,U+672D,26413,4
éÈ,U+6731,26417,7
ñp,U+6734,26420,7
ä˜,U+673A,26426,6
ãÄ,U+673D,26429,7
êô,U+6749,26441,7
çﬁ,U+6750,26448,4
ë∫,U+6751,26449,1
ë©,U+675F,26463,4
è,U+6761,26465,5
óà,U+6765,26469,2
ît,U+676F,26479,7
ìå,U+6771,26481,2
èº,U+677E,26494,4
î¬,U+677F,26495,3
êÕ,U+6790,26512,7
ó—,U+6797,26519,1
ñá,U+679A,26522,6
â ,U+679C,26524,4
é},U+679D,26525,5
òg,U+67A0,26528,7
êï,U+67A2,26530,7
åÕ,U+67AF,26543,7
âÀ,U+67B6,26550,7
ïø,U+67C4,26564,7
ñ^,U+67D0,26576,7
êı,U+67D3,26579,6
è_,U+67D4,26580,7
íå,U+67F1,26609,3
ñˆ,U+67F3,26611,7
ç∏,U+67FB,26619,5
âh,U+6804,26628,4
ê,U+6813,26643,7
çZ,U+6821,26657,1
äî,U+682A,26666,6
äj,U+6838,26680,7
ç™,U+6839,26681,3
äi,U+683C,26684,5
çÕ,U+683D,26685,7
ìç,U+6843,26691,7
àƒ,U+6848,26696,4
åK,U+6851,26705,7
ç˜,U+685C,26716,5
éV,U+685F,26719,7
î~,U+6885,26757,4
äB,U+68B0,26800,4
ä¸,U+68C4,26820,7
ä˚,U+68CB,26827,7
ñ_,U+68D2,26834,6
íI,U+68DA,26842,7
ìè,U+68DF,26847,7
êX,U+68EE,26862,1
äª,U+68FA,26874,7
êA,U+690D,26893,3
åü,U+691C,26908,5
ã∆,U+696D,26989,3
ã…,U+6975,26997,4
òO,U+697C,27004,7
äy,U+697D,27005,2
äT,U+6982,27010,7
ç\,U+69CB,27083,5
ól,U+69D8,27096,3
ëÖ,U+69FD,27133,7
ïW,U+6A19,27161,4
ñÕ,U+6A21,27169,6
å†,U+6A29,27177,6
â°,U+6A2A,27178,3
é˜,U+6A39,27193,6
ã¥,U+6A4B,27211,3
ã@,U+6A5F,27231,4
óì,U+6B04,27396,7
åá,U+6B20,27424,4
éü,U+6B21,27425,3
â¢,U+6B27,27431,7
ó~,U+6B32,27442,6
ã\,U+6B3A,27450,7
äº,U+6B3E,27454,7
âÃ,U+6B4C,27468,2
äΩ,U+6B53,27475,7
é~,U+6B62,27490,2
ê≥,U+6B63,27491,1
ïê,U+6B66,27494,5
ï‡,U+6B69,27497,2
éï,U+6B6F,27503,3
çŒ,U+6B73,27507,7
ó,U+6B74,27508,4
éÄ,U+6B7B,27515,3
è},U+6B89,27529,7
éÍ,U+6B8A,27530,7
éc,U+6B8B,27531,4
êB,U+6B96,27542,7
â£,U+6BB4,27572,7
íi,U+6BB5,27573,6
éE,U+6BBA,27578,4
äk,U+6BBB,27579,7
ìa,U+6BBF,27583,7
ïÍ,U+6BCD,27597,2
ñà,U+6BCE,27598,2
ì≈,U+6BD2,27602,4
î‰,U+6BD4,27604,5
ñ—,U+6BDB,27611,2
éÅ,U+6C0F,27663,4
ñØ,U+6C11,27665,4
ãC,U+6C17,27671,1
êÖ,U+6C34,27700,1
ïX,U+6C37,27703,3
âi,U+6C38,27704,5
è`,U+6C41,27713,7
ãÅ,U+6C42,27714,4
äæ,U+6C57,27735,7
âò,U+6C5A,27738,7
ç],U+6C5F,27743,7
ír,U+6C60,27744,2
åà,U+6C7A,27770,3
ãD,U+6C7D,27773,2
íæ,U+6C88,27784,7
â´,U+6C96,27798,7
ñv,U+6CA1,27809,7
ëÚ,U+6CA2,27810,7
âÕ,U+6CB3,27827,5
ï¶,U+6CB8,27832,7
ñ˚,U+6CB9,27833,3
é°,U+6CBB,27835,4
è¿,U+6CBC,27836,7
âà,U+6CBF,27839,6
ãµ,U+6CC1,27841,7
êÚ,U+6CC9,27849,6
îë,U+6CCA,27850,7
îÂ,U+6CCC,27852,7
ñ@,U+6CD5,27861,4
ñA,U+6CE1,27873,7
îg,U+6CE2,27874,3
ãÉ,U+6CE3,27875,4
ìD,U+6CE5,27877,7
íç,U+6CE8,27880,3
ë◊,U+6CF0,27888,7
âj,U+6CF3,27891,3
óm,U+6D0B,27915,3
êÙ,U+6D17,27927,6
ì¥,U+6D1E,27934,7
í√,U+6D25,27941,7
ç^,U+6D2A,27946,7
äà,U+6D3B,27963,2
îh,U+6D3E,27966,6
ó¨,U+6D41,27969,3
èÚ,U+6D44,27972,7
êÛ,U+6D45,27973,4
ïl,U+6D5C,27996,7
âY,U+6D66,28006,7
òQ,U+6D6A,28010,7
ïÇ,U+6D6E,28014,7
óÅ,U+6D74,28020,4
äC,U+6D77,28023,2
êZ,U+6D78,28024,7
è¡,U+6D88,28040,3
ó‹,U+6D99,28057,7
äU,U+6DAF,28079,7
ât,U+6DB2,28082,5
ó¡,U+6DBC,28092,7
èi,U+6DD1,28113,7
íW,U+6DE1,28129,7
ê[,U+6DF1,28145,3
ç¨,U+6DF7,28151,5
ìY,U+6DFB,28155,7
ê¥,U+6E05,28165,4
äâ,U+6E07,28167,7
çœ,U+6E08,28168,6
è¬,U+6E09,28169,7
èa,U+6E0B,28171,7
åk,U+6E13,28179,7
å∏,U+6E1B,28187,5
ìn,U+6E21,28193,7
âQ,U+6E26,28198,7
â∑,U+6E29,28201,3
ë™,U+6E2C,28204,5
ç`,U+6E2F,28207,3
åŒ,U+6E56,28246,3
ìí,U+6E6F,28271,3
òp,U+6E7E,28286,7
éº,U+6E7F,28287,7
ñû,U+6E80,28288,4
åπ,U+6E90,28304,6
èÄ,U+6E96,28310,5
ça,U+6E9D,28317,7
ón,U+6EB6,28342,7
ñ≈,U+6EC5,28357,7
é†,U+6ECB,28363,7
ää,U+6ED1,28369,7
ëÍ,U+6EDD,28381,7
ëÿ,U+6EDE,28382,7
ìH,U+6EF4,28404,7
ãô,U+6F01,28417,4
ïY,U+6F02,28418,7
éΩ,U+6F06,28422,7
òR,U+6F0F,28431,7
ââ,U+6F14,28436,5
îô,U+6F20,28448,7
äø,U+6F22,28450,3
ñü,U+6F2B,28459,7
í–,U+6F2C,28460,7
ëQ,U+6F38,28472,7
åâ,U+6F54,28500,5
êˆ,U+6F5C,28508,7
äÉ,U+6F5F,28511,7
èÅ,U+6F64,28516,7
í™,U+6F6E,28526,6
êü,U+6F84,28548,7
åÉ,U+6FC0,28608,6
ë˜,U+6FC1,28609,7
îZ,U+6FC3,28611,7
óî,U+6FEB,28651,7
ëÛ,U+6FEF,28655,7
ê£,U+702C,28716,7
âŒ,U+706B,28779,1
ìî,U+706F,28783,4
äD,U+7070,28784,6
ç–,U+707D,28797,5
òF,U+7089,28809,7
êÜ,U+708A,28810,7
âä,U+708E,28814,7
íY,U+70AD,28845,3
ì_,U+70B9,28857,2
à◊,U+70BA,28858,7
óÛ,U+70C8,28872,7
ñ≥,U+7121,28961,4
è≈,U+7126,28966,7
ëR,U+7136,28982,4
èƒ,U+713C,28988,4
âå,U+7159,29017,7
è∆,U+7167,29031,4
îœ,U+7169,29033,7
éœ,U+716E,29038,7
èn,U+719F,29087,6
îM,U+71B1,29105,4
îR,U+71C3,29123,5
ìï,U+71C8,29128,7
ëá,U+71E5,29157,7
îö,U+7206,29190,7
é›,U+7235,29237,7
ïÉ,U+7236,29238,2
ï–,U+7247,29255,6
î≈,U+7248,29256,5
ãç,U+725B,29275,2
ñq,U+7267,29287,4
ï®,U+7269,29289,3
êµ,U+7272,29298,7
ì¡,U+7279,29305,4
ã],U+72A0,29344,7
å¢,U+72AC,29356,1
î∆,U+72AF,29359,5
èÛ,U+72B6,29366,5
ã∂,U+72C2,29378,7
éÎ,U+72E9,29417,7
ì∆,U+72EC,29420,5
ã∑,U+72ED,29421,7
ñ“,U+731B,29467,7
ó¬,U+731F,29471,7
îL,U+732B,29483,7
å£,U+732E,29486,7
óP,U+7336,29494,7
âé,U+733F,29503,7
çñ,U+7344,29508,7
èb,U+7363,29539,7
äl,U+7372,29554,7
å∫,U+7384,29572,7
ó¶,U+7387,29575,5
ã ,U+7389,29577,1
â§,U+738B,29579,1
íø,U+73CD,29645,7
éÏ,U+73E0,29664,7
î«,U+73ED,29677,6
åª,U+73FE,29694,5
ãÖ,U+7403,29699,3
óù,U+7406,29702,2
ã’,U+7434,29748,7
ä¬,U+74B0,29872,7
é£,U+74BD,29885,7
ïr,U+74F6,29942,7
ä√,U+7518,29976,7
êr,U+751A,29978,7
ê∂,U+751F,29983,1
éY,U+7523,29987,4
óp,U+7528,29992,2
ìc,U+7530,30000,1
óR,U+7531,30001,3
çb,U+7532,30002,7
ê\,U+7533,30003,3
íj,U+7537,30007,1
í¨,U+753A,30010,1
âÊ,U+753B,30011,2
äE,U+754C,30028,3
î®,U+7551,30033,3
î»,U+7554,30036,7
óØ,U+7559,30041,5
í{,U+755C,30044,7
ê§,U+755D,30045,7
ó™,U+7565,30053,5
î‘,U+756A,30058,2
àŸ,U+7570,30064,6
èÙ,U+7573,30067,7
ëa,U+758E,30094,7
ã^,U+7591,30097,6
âu,U+75AB,30123,7
îÊ,U+75B2,30130,7
éæ,U+75BE,30142,7
ïa,U+75C5,30149,3
è«,U+75C7,30151,7
ìó,U+75D8,30168,7
í…,U+75DB,30171,6
óü,U+75E2,30178,7
ís,U+75F4,30196,7
ó√,U+7642,30274,7
ñ¸,U+7652,30290,7
ï»,U+7656,30294,7
î≠,U+767A,30330,3
ìo,U+767B,30331,3
îí,U+767D,30333,1
ïS,U+767E,30334,1
ìI,U+7684,30340,4
äF,U+7686,30342,7
çc,U+7687,30343,6
îÁ,U+76AE,30382,3
éM,U+76BF,30399,3
ñ~,U+76C6,30406,7
âv,U+76CA,30410,5
ìê,U+76D7,30423,7
ê∑,U+76DB,30427,6
ñø,U+76DF,30431,6
äƒ,U+76E3,30435,7
î’,U+76E4,30436,7
ñ⁄,U+76EE,30446,1
ñ”,U+76F2,30450,7
íº,U+76F4,30452,2
ëä,U+76F8,30456,3
èÇ,U+76FE,30462,7
è»,U+7701,30465,4
ä≈,U+770B,30475,6
åß,U+770C,30476,3
ê^,U+771F,30495,3
ñ∞,U+7720,30496,7
í≠,U+773A,30522,7
ä·,U+773C,30524,5
íÖ,U+7740,30528,3
êá,U+7761,30561,7
ì¬,U+7763,30563,7
èu,U+77AC,30636,7
ñµ,U+77DB,30683,7
ñÓ,U+77E2,30690,2
ím,U+77E5,30693,2
íZ,U+77ED,30701,3
ã∏,U+77EF,30703,7
êŒ,U+77F3,30707,1
çª,U+7802,30722,6
å§,U+7814,30740,3
ç”,U+7815,30741,7
ñC,U+7832,30770,7
îj,U+7834,30772,5
è…,U+785D,30813,7
ó∞,U+786B,30827,7
çd,U+786C,30828,7
åÈ,U+7881,30849,7
îË,U+7891,30865,7
äm,U+78BA,30906,5
é•,U+78C1,30913,6
ñÅ,U+78E8,30952,7
è ,U+7901,30977,7
ëb,U+790E,30990,7
é¶,U+793A,31034,5
óÁ,U+793C,31036,3
é–,U+793E,31038,2
ãF,U+7948,31048,7
éÉ,U+7949,31049,7
ëc,U+7956,31062,5
èj,U+795D,31069,4
ê_,U+795E,31070,3
èÀ,U+7965,31077,7
ï[,U+7968,31080,4
ç’,U+796D,31085,3
ã÷,U+7981,31105,5
ëT,U+7985,31109,7
â–,U+798D,31117,7
ïü,U+798F,31119,3
èG,U+79C0,31168,7
éÑ,U+79C1,31169,6
èH,U+79CB,31179,2
â»,U+79D1,31185,2
ïb,U+79D2,31186,3
îÈ,U+79D8,31192,6
ëd,U+79DF,31199,7
íÅ,U+79E9,31209,7
èÃ,U+79F0,31216,7
à⁄,U+79FB,31227,5
íˆ,U+7A0B,31243,5
ê≈,U+7A0E,31246,5
ít,U+7A1A,31258,7
éÌ,U+7A2E,31278,4
àÓ,U+7A32,31282,7
â“,U+7A3C,31292,7
çe,U+7A3F,31295,7
çí,U+7A40,31296,6
ï‰,U+7A42,31298,7
êœ,U+7A4D,31309,4
â∏,U+7A4F,31311,7
än,U+7A6B,31339,7
åä,U+7A74,31348,6
ãÜ,U+7A76,31350,3
ãÛ,U+7A7A,31354,1
ìÀ,U+7A81,31361,7
êﬁ,U+7A83,31363,7
íÇ,U+7A92,31378,7
ëã,U+7A93,31379,6
ãá,U+7AAE,31406,7
óq,U+7AAF,31407,7
óß,U+7ACB,31435,1
ó≥,U+7ADC,31452,7
èÕ,U+7AE0,31456,3
ì∂,U+7AE5,31461,3
í[,U+7AEF,31471,7
ã£,U+7AF6,31478,4
í|,U+7AF9,31481,1
èŒ,U+7B11,31505,4
ìJ,U+7B1B,31515,3
ïÑ,U+7B26,31526,7
ëÊ,U+7B2C,31532,3
ïM,U+7B46,31558,3
ìô,U+7B49,31561,3
ãÿ,U+7B4B,31563,6
ìõ,U+7B52,31570,7
ìö,U+7B54,31572,2
çÙ,U+7B56,31574,6
â”,U+7B87,31623,7
éZ,U+7B97,31639,2
ä«,U+7BA1,31649,4
î†,U+7BB1,31665,3
êﬂ,U+7BC0,31680,4
îÕ,U+7BC4,31684,7
íz,U+7BC9,31689,5
ìƒ,U+7BE4,31716,7
ä»,U+7C21,31777,6
ïÎ,U+7C3F,31807,7
ê–,U+7C4D,31821,7
ïƒ,U+7C73,31859,2
ï≤,U+7C89,31881,4
êà,U+7C8B,31883,7
ó±,U+7C92,31890,7
ëe,U+7C97,31895,7
îS,U+7C98,31896,7
èl,U+7C9B,31899,7
èœ,U+7CA7,31911,7
ê∏,U+7CBE,31934,5
ìú,U+7CD6,31958,6
ó∆,U+7CE7,31975,7
éÖ,U+7CF8,31992,1
ån,U+7CFB,31995,6
ãä,U+7CFE,31998,7
ãI,U+7D00,32000,4
ñÒ,U+7D04,32004,4
çg,U+7D05,32005,6
ñ‰,U+7D0B,32011,7
î[,U+7D0D,32013,6
èÉ,U+7D14,32020,6
éÜ,U+7D19,32025,2
ãâ,U+7D1A,32026,3
ï¥,U+7D1B,32027,7
ëf,U+7D20,32032,5
ña,U+7D21,32033,7
çı,U+7D22,32034,7
éá,U+7D2B,32043,7
ó›,U+7D2F,32047,7
ç◊,U+7D30,32048,2
êa,U+7D33,32051,7
è–,U+7D39,32057,7
çÆ,U+7D3A,32058,7
èI,U+7D42,32066,3
ëg,U+7D44,32068,2
åo,U+7D4C,32076,5
åã,U+7D50,32080,4
çi,U+7D5E,32094,7
óç,U+7D61,32097,7
ãã,U+7D66,32102,4
ìù,U+7D71,32113,5
äG,U+7D75,32117,2
ê‚,U+7D76,32118,5
å¶,U+7D79,32121,6
åp,U+7D99,32153,7
ë±,U+7D9A,32154,4
à€,U+7DAD,32173,7
çj,U+7DB1,32177,7
ñ‘,U+7DB2,32178,7
ñ»,U+7DBF,32191,5
ãŸ,U+7DCA,32202,7
ëç,U+7DCF,32207,5
óŒ,U+7DD1,32209,3
èè,U+7DD2,32210,7
ê¸,U+7DDA,32218,2
í˜,U+7DE0,32224,7
ï“,U+7DE8,32232,5
ä…,U+7DE9,32233,7
à‹,U+7DEF,32239,7
ó˚,U+7DF4,32244,3
âè,U+7E01,32257,7
ìÍ,U+7E04,32260,7
îõ,U+7E1B,32283,7
èc,U+7E26,32294,6
ñD,U+7E2B,32299,7
èk,U+7E2E,32302,6
ê—,U+7E3E,32318,5
î…,U+7E41,32321,7
ë@,U+7E4A,32330,7
êD,U+7E54,32340,5
ëU,U+7E55,32341,7
ñö,U+7E6D,32365,7
åJ,U+7E70,32368,7
ä ,U+7F36,32566,7
çﬂ,U+7F6A,32618,5
íu,U+7F6E,32622,4
î±,U+7F70,32624,7
èê,U+7F72,32626,6
îÎ,U+7F77,32631,7
óÖ,U+7F85,32645,7
ór,U+7F8A,32650,3
î¸,U+7F8E,32654,3
åQ,U+7FA4,32676,5
ã`,U+7FA9,32681,5
âH,U+7FBD,32701,2
â•,U+7FC1,32705,7
óÇ,U+7FCC,32716,6
èK,U+7FD2,32722,3
ñ|,U+7FFB,32763,7
óÉ,U+7FFC,32764,7
òV,U+8001,32769,4
çl,U+8003,32771,2
é“,U+8005,32773,3
ëœ,U+8010,32784,7
çk,U+8015,32789,5
ñ’,U+8017,32791,7
é®,U+8033,32819,1
êπ,U+8056,32854,6
ï∑,U+805E,32862,2
íÆ,U+8074,32884,7
êE,U+8077,32887,5
ì˜,U+8089,32905,2
îß,U+808C,32908,7
è—,U+8096,32918,7
äÃ,U+809D,32925,7
éà,U+80A2,32930,7
îÏ,U+80A5,32933,5
å®,U+80A9,32937,7
ñb,U+80AA,32938,7
çm,U+80AF,32943,7
àÁ,U+80B2,32946,3
îx,U+80BA,32954,6
à›,U+80C3,32963,4
í_,U+80C6,32966,7
îw,U+80CC,32972,6
ëŸ,U+80CE,32974,7
ñE,U+80DE,32990,7
ì∑,U+80F4,33012,7
ãπ,U+80F8,33016,6
î\,U+80FD,33021,5
éâ,U+8102,33026,7
ã∫,U+8105,33029,7
ñ¨,U+8108,33032,4
ãr,U+811A,33050,7
íE,U+8131,33073,7
î],U+8133,33075,6
íØ,U+8139,33081,7
ïÖ,U+8150,33104,7
òr,U+8155,33109,7
çò,U+8170,33136,7
í∞,U+8178,33144,4
ï†,U+8179,33145,6
ïÜ,U+819A,33178,7
ñå,U+819C,33180,7
ñc,U+81A8,33192,7
ëü,U+81D3,33235,6
êb,U+81E3,33251,4
ó’,U+81E8,33256,6
é©,U+81EA,33258,2
èL,U+81ED,33261,7
éä,U+81F3,33267,6
ív,U+81F4,33268,7
ãª,U+8208,33288,5
ê„,U+820C,33292,5
é…,U+820E,33294,5
ï‹,U+8217,33303,7
ïë,U+821E,33310,7
èM,U+821F,33311,7
çq,U+822A,33322,4
î ,U+822C,33324,7
îï,U+8236,33334,7
ëD,U+8239,33337,2
í¯,U+8247,33351,7
äÕ,U+8266,33382,7
ó«,U+826F,33391,4
êF,U+8272,33394,2
à,U+828B,33419,7
é≈,U+829D,33437,7
â‘,U+82B1,33457,1
ñF,U+82B3,33459,7
å|,U+82B8,33464,4
âË,U+82BD,33469,4
ïc,U+82D7,33495,7
é·,U+82E5,33509,6
ãÍ,U+82E6,33510,3
âp,U+82F1,33521,4
ñŒ,U+8302,33538,7
ås,U+830E,33550,7
íÉ,U+8336,33590,2
ëê,U+8349,33609,1
çr,U+8352,33618,7
ëë,U+8358,33624,7
â◊,U+8377,33655,3
ãe,U+83CA,33738,7
ã€,U+83CC,33740,7
âŸ,U+83D3,33747,7
çÿ,U+83DC,33756,4
âÿ,U+83EF,33775,7
óé,U+843D,33853,3
ót,U+8449,33865,3
íò,U+8457,33879,6
ëí,U+846C,33900,7
èˆ,U+84B8,33976,6
í~,U+84C4,33988,7
ë†,U+8535,34101,6
îñ,U+8584,34180,7
ëE,U+85A6,34214,7
êd,U+85AA,34218,7
åO,U+85AB,34219,7
ñÚ,U+85AC,34220,3
îÀ,U+85E9,34281,7
ëî,U+85FB,34299,7
ãs,U+8650,34384,7
ãï,U+865A,34394,7
ó∏,U+865C,34396,7
ãÒ,U+865E,34398,7
íé,U+866B,34411,1
â·,U+868A,34442,7
é\,U+8695,34453,6
é÷,U+86C7,34503,7
åu,U+86CD,34509,7
îÿ,U+86EE,34542,7
óZ,U+878D,34701,7
åå,U+8840,34880,3
èO,U+8846,34886,6
çs,U+884C,34892,2
èp,U+8853,34899,5
äX,U+8857,34903,4
âq,U+885B,34907,5
è’,U+885D,34909,7
çt,U+8861,34913,7
àﬂ,U+8863,34915,4
ï\,U+8868,34920,3
êä,U+8870,34928,7
íè,U+8877,34935,7
ë‹,U+888B,34955,7
îÌ,U+88AB,34987,7
çŸ,U+88C1,35009,6
óÙ,U+88C2,35010,7
ëï,U+88C5,35013,6
ó†,U+88CF,35023,6
óT,U+88D5,35029,7
ï‚,U+88DC,35036,6
óá,U+88F8,35064,7
êª,U+88FD,35069,5
ï°,U+8907,35079,5
äå,U+8910,35088,7
ñJ,U+8912,35090,7
ã›,U+895F,35167,7
èP,U+8972,35186,7
êº,U+897F,35199,2
óv,U+8981,35201,4
ï¢,U+8986,35206,7
îe,U+8987,35207,7
å©,U+898B,35211,1
ãK,U+898F,35215,5
éã,U+8996,35222,6
äo,U+899A,35226,4
óó,U+89A7,35239,6
êe,U+89AA,35242,2
äœ,U+89B3,35251,4
äp,U+89D2,35282,2
â,U+89E3,35299,5
êG,U+89E6,35302,7
åæ,U+8A00,35328,2
í˘,U+8A02,35330,7
åv,U+8A08,35336,2
ì¢,U+8A0E,35342,6
åP,U+8A13,35347,4
ëı,U+8A17,35351,7
ãL,U+8A18,35352,2
è◊,U+8A1F,35359,7
ñK,U+8A2A,35370,6
ê›,U+8A2D,35373,5
ãñ,U+8A31,35377,5
ñÛ,U+8A33,35379,6
ëi,U+8A34,35380,7
êf,U+8A3A,35386,7
èÿ,U+8A3C,35388,5
çº,U+8A50,35408,7
èŸ,U+8A54,35412,7
ï],U+8A55,35413,5
éå,U+8A5E,35422,6
âr,U+8A60,35424,7
éé,U+8A66,35430,4
éç,U+8A69,35433,3
ãl,U+8A70,35440,7
òb,U+8A71,35441,2
äY,U+8A72,35442,7
è⁄,U+8A73,35443,7
å÷,U+8A87,35463,7
ó_,U+8A89,35465,7
éè,U+8A8C,35468,6
îF,U+8A8D,35469,6
êæ,U+8A93,35475,7
ía,U+8A95,35477,6
óU,U+8A98,35480,7
åÍ,U+8A9E,35486,2
êΩ,U+8AA0,35488,6
åÎ,U+8AA4,35492,6
ê‡,U+8AAC,35500,4
ì«,U+8AAD,35501,2
â€,U+8AB2,35506,4
í≤,U+8ABF,35519,3
ík,U+8AC7,35527,3
êø,U+8ACB,35531,7
ò_,U+8AD6,35542,6
ó@,U+8AED,35565,7
éê,U+8AEE,35566,7
èî,U+8AF8,35576,6
ë¯,U+8AFE,35582,7
ñd,U+8B00,35584,7
ây,U+8B01,35585,7
ì£,U+8B04,35588,7
å™,U+8B19,35609,7
çu,U+8B1B,35611,5
é”,U+8B1D,35613,5
ów,U+8B21,35617,7
ãﬁ,U+8B39,35641,7
éØ,U+8B58,35672,5
ïà,U+8B5C,35676,7
åx,U+8B66,35686,6
ãc,U+8B70,35696,4
è˜,U+8B72,35698,7
åÏ,U+8B77,35703,5
íJ,U+8C37,35895,2
ì§,U+8C46,35910,3
ñL,U+8C4A,35914,5
ìÿ,U+8C5A,35930,7
è€,U+8C61,35937,4
çã,U+8C6A,35946,7
äL,U+8C9D,35997,1
íÂ,U+8C9E,35998,7
ïâ,U+8CA0,36000,3
ç‡,U+8CA1,36001,5
çv,U+8CA2,36002,7
ïn,U+8CA7,36007,5
â›,U+8CA8,36008,4
îÃ,U+8CA9,36009,7
ä—,U+8CAB,36011,7
ê”,U+8CAC,36012,5
íô,U+8CAF,36015,4
ãM,U+8CB4,36020,6
îÉ,U+8CB7,36023,2
ë›,U+8CB8,36024,5
îÔ,U+8CBB,36027,4
ñf,U+8CBF,36031,5
âÍ,U+8CC0,36032,5
í¿,U+8CC3,36035,6
òd,U+8CC4,36036,7
éë,U+8CC7,36039,5
ëØ,U+8CCA,36042,7
ïo,U+8CD3,36051,7
é^,U+8CDB,36059,5
éí,U+8CDC,36060,7
è‹,U+8CDE,36062,4
îÖ,U+8CE0,36064,7
å´,U+8CE2,36066,7
ïä,U+8CE6,36070,7
éø,U+8CEA,36074,5
çw,U+8CFC,36092,7
ë°,U+8D08,36104,7
ê‘,U+8D64,36196,1
éÕ,U+8D66,36198,7
ëñ,U+8D70,36208,2
ïã,U+8D74,36212,7
ãN,U+8D77,36215,3
í¥,U+8D85,36229,7
âz,U+8D8A,36234,7
éÔ,U+8DA3,36259,7
ë´,U+8DB3,36275,1
ãó,U+8DDD,36317,7
ê’,U+8DE1,36321,7
òH,U+8DEF,36335,3
íµ,U+8DF3,36339,7
ëH,U+8DF5,36341,7
óx,U+8E0A,36362,7
ì•,U+8E0F,36367,7
ñÙ,U+8E8D,36493,7
êg,U+8EAB,36523,3
é‘,U+8ECA,36554,1
ãO,U+8ECC,36556,7
åR,U+8ECD,36557,4
å¨,U+8ED2,36562,7
ìÓ,U+8EDF,36575,7
ì],U+8EE2,36578,3
é≤,U+8EF8,36600,7
åy,U+8EFD,36605,3
är,U+8F03,36611,7
ç⁄,U+8F09,36617,7
ãP,U+8F1D,36637,7
îy,U+8F29,36649,7
ó÷,U+8F2A,36650,4
óA,U+8F38,36664,5
äç,U+8F44,36676,7
êh,U+8F9B,36763,7
é´,U+8F9E,36766,4
êJ,U+8FB1,36785,7
î_,U+8FB2,36786,3
ï”,U+8FBA,36794,4
çû,U+8FBC,36796,7
êv,U+8FC5,36805,7
å},U+8FCE,36814,7
ãﬂ,U+8FD1,36817,2
ï‘,U+8FD4,36820,3
îó,U+8FEB,36843,7
ìR,U+8FED,36845,7
èq,U+8FF0,36848,5
ñ¿,U+8FF7,36855,5
í«,U+8FFD,36861,3
ëﬁ,U+9000,36864,5
ëó,U+9001,36865,3
ì¶,U+9003,36867,7
ãt,U+9006,36870,5
ìß,U+900F,36879,7
íÄ,U+9010,36880,7
í¸,U+9013,36883,7
ìr,U+9014,36884,7
í ,U+901A,36890,2
ê¿,U+901D,36893,7
ë¨,U+901F,36895,3
ë¢,U+9020,36896,5
òA,U+9023,36899,4
ëﬂ,U+902E,36910,7
èT,U+9031,36913,2
êi,U+9032,36914,3
àÌ,U+9038,36920,7
êã,U+9042,36930,7
íx,U+9045,36933,7
ãˆ,U+9047,36935,7
óV,U+904A,36938,3
â^,U+904B,36939,3
ï’,U+904D,36941,7
âﬂ,U+904E,36942,5
ìπ,U+9053,36947,2
íB,U+9054,36948,4
à·,U+9055,36949,7
âì,U+9060,36960,2
å≠,U+9063,36963,7
ìK,U+9069,36969,5
ëò,U+906D,36973,7
é’,U+906E,36974,7
èÖ,U+9075,36981,7
ëJ,U+9077,36983,7
ëI,U+9078,36984,4
à‚,U+907A,36986,6
î,U+907F,36991,7
ä“,U+9084,36996,7
ñM,U+90A6,37030,7
é◊,U+90AA,37034,7
ì@,U+90B8,37048,7
çx,U+90CA,37066,7
òY,U+90CE,37070,7
åS,U+90E1,37089,4
ïî,U+90E8,37096,3
äs,U+90ED,37101,7
óX,U+90F5,37109,6
ãΩ,U+90F7,37111,6
ìs,U+90FD,37117,3
éﬁ,U+914C,37196,7
îz,U+914D,37197,3
é,U+9152,37202,3
êå,U+9154,37204,7
ê|,U+9162,37218,7
óè,U+916A,37226,7
èV,U+916C,37228,7
çy,U+9175,37237,7
çì,U+9177,37239,7
é_,U+9178,37240,5
èX,U+919C,37276,7
è¯,U+91B8,37304,7
éﬂ,U+91C8,37320,7
ó¢,U+91CC,37324,2
èd,U+91CD,37325,3
ñÏ,U+91CE,37326,2
ó ,U+91CF,37327,4
ã‡,U+91D1,37329,1
êj,U+91DD,37341,6
íﬁ,U+91E3,37347,7
ì›,U+920D,37389,7
óÈ,U+9234,37428,7
ìS,U+9244,37444,3
âî,U+925B,37467,7
î´,U+9262,37474,7
çz,U+9271,37489,5
ã‚,U+9280,37504,3
èe,U+9283,37507,7
ì∫,U+9285,37509,5
ëL,U+9291,37521,7
ñ¡,U+9298,37528,7
ëK,U+92AD,37549,5
âs,U+92ED,37613,7
íí,U+92F3,37619,7
ç|,U+92FC,37628,6
êé,U+9318,37656,7
è˘,U+9320,37664,7
òB,U+932C,37676,7
çˆ,U+932F,37679,7
ò^,U+9332,37682,4
íb,U+935B,37723,7
çΩ,U+9396,37782,7
í¡,U+93AE,37806,7
ãæ,U+93E1,37857,4
è‡,U+9418,37912,7
ä”,U+9451,37969,7
í∑,U+9577,38263,2
ñÂ,U+9580,38272,2
ï¬,U+9589,38281,6
äJ,U+958B,38283,3
ä’,U+9591,38289,7
ä‘,U+9593,38291,2
ä÷,U+95A2,38306,4
ät,U+95A3,38307,6
î¥,U+95A5,38309,7
â{,U+95B2,38322,7
ì¨,U+95D8,38360,7
ñh,U+9632,38450,5
ëj,U+963B,38459,7
ïç,U+9644,38468,7
ç~,U+964D,38477,6
å¿,U+9650,38480,5
ï√,U+965B,38491,6
â@,U+9662,38498,3
êw,U+9663,38499,7
èú,U+9664,38500,6
ä◊,U+9665,38501,7
îÜ,U+966A,38506,7
âA,U+9670,38512,7
í¬,U+9673,38515,7
óÀ,U+9675,38517,7
ì©,U+9676,38518,7
ó§,U+9678,38520,4
åØ,U+967A,38522,5
óz,U+967D,38525,3
ã˜,U+9685,38533,7
ó≤,U+9686,38534,7
ë‡,U+968A,38538,4
äK,U+968E,38542,3
êè,U+968F,38543,7
äu,U+9694,38548,7
ç€,U+969B,38555,5
è·,U+969C,38556,6
âB,U+96A0,38560,7
ó◊,U+96A3,38563,7
óÍ,U+96B7,38583,7
ê«,U+96BB,38587,7
óY,U+96C4,38596,7
âÎ,U+96C5,38597,7
èW,U+96C6,38598,3
åŸ,U+96C7,38599,7
éì,U+96CC,38604,7
éG,U+96D1,38609,5
ó£,U+96E2,38626,7
ìÔ,U+96E3,38627,6
âJ,U+96E8,38632,1
ê·,U+96EA,38634,2
ïµ,U+96F0,38640,7
â_,U+96F2,38642,2
óÎ,U+96F6,38646,7
óã,U+96F7,38647,7
ìd,U+96FB,38651,2
é˘,U+9700,38656,7
êk,U+9707,38663,7
óÏ,U+970A,38666,7
ëö,U+971C,38684,7
ñ∂,U+9727,38695,7
òI,U+9732,38706,7
ê¬,U+9752,38738,1
ê√,U+9759,38745,4
îÒ,U+975E,38750,5
ñ ,U+9762,38754,3
äv,U+9769,38761,6
åC,U+9774,38772,7
âπ,U+97F3,38899,1
âC,U+97FB,38907,7
ãø,U+97FF,38911,7
í∏,U+9802,38914,6
çÄ,U+9805,38917,7
èá,U+9806,38918,4
óa,U+9810,38928,5
äÊ,U+9811,38929,7
î–,U+9812,38930,7
óÃ,U+9818,38936,5
ì™,U+982D,38957,2
ïp,U+983B,38971,7
óä,U+983C,38972,7
ëË,U+984C,38988,3
äz,U+984D,38989,5
äÁ,U+9854,38996,2
å∞,U+9855,38997,7
äË,U+9858,39000,4
óﬁ,U+985E,39006,4
å⁄,U+9867,39015,7
ïó,U+98A8,39080,2
îÚ,U+98DB,39131,4
êH,U+98DF,39135,2
ãQ,U+98E2,39138,7
î—,U+98EF,39151,4
à˘,U+98F2,39154,3
éî,U+98FC,39164,5
ñO,U+98FD,39165,7
è¸,U+98FE,39166,7
ó{,U+990A,39178,4
âÏ,U+9913,39187,7
äŸ,U+9928,39208,3
éÒ,U+9996,39318,2
çÅ,U+9999,39321,7
în,U+99AC,39340,2
ë ,U+99C4,39364,7
âw,U+99C5,39365,3
ãÏ,U+99C6,39366,7
íì,U+99D0,39376,7
ãR,U+9A0E,39438,7
ëõ,U+9A12,39442,7
å±,U+9A13,39443,4
ì´,U+9A30,39472,7
ã¡,U+9A5A,39514,7
çú,U+9AA8,39592,6
êë,U+9AC4,39620,7
çÇ,U+9AD8,39640,2
îØ,U+9AEA,39658,7
ãS,U+9B3C,39740,7
ç∞,U+9B42,39746,7
ñ£,U+9B45,39749,7
ñÇ,U+9B54,39764,7
ãõ,U+9B5A,39770,2
ëN,U+9BAE,39854,7
å~,U+9BE8,39912,7
íπ,U+9CE5,40165,2
ñ¬,U+9CF4,40180,2
å{,U+9D8F,40335,7
óÌ,U+9E97,40599,7
îû,U+9EA6,40614,2
ñÉ,U+9EBB,40635,7
â©,U+9EC4,40644,2
çï,U+9ED2,40658,2
ñŸ,U+9ED9,40665,7
å€,U+9F13,40723,7
ï@,U+9F3B,40763,3
óÓ,U+9F62,40802,7
